{
    "best_params": {
        "learning_rate": 0.0005611516415334506,
        "batch_size": 32,
        "dropout": 0.02904180608409973,
        "d_model": 64,
        "d_ff": 128,
        "n_heads": 4,
        "e_layers": 2,
        "d_layers": 2,
        "factor": 3
    },
    "best_value": 0.1689095146743259,
    "best_trial": 0,
    "n_trials": 2
}